purchase_order_id,customer_id,order_date,total_amount,status
1,18,2026-03-01 00:00:00,487.74,pending
2,49,2026-03-01 01:27:55,625.22,pending
3,88,2026-03-01 02:55:51,576.29,canceled
4,10,2026-03-01 04:23:47,870.81,canceled
5,82,2026-03-01 05:51:42,403.83,canceled
6,95,2026-03-01 07:19:38,47.11,pending
7,51,2026-03-01 08:47:34,795.89,canceled
8,62,2026-03-01 10:15:29,643.81,canceled
9,14,2026-03-01 11:43:25,377.48,canceled
10,23,2026-03-01 13:11:21,721.94,canceled
11,22,2026-03-01 14:39:16,515.48,pending
12,97,2026-03-01 16:07:12,53.92,completed
13,7,2026-03-01 17:35:08,487.54,canceled
14,34,2026-03-01 19:03:03,281.3,pending
15,84,2026-03-01 20:30:59,724.27,pending
16,3,2026-03-01 21:58:55,792.39,pending
17,37,2026-03-01 23:26:50,95.5,canceled
18,90,2026-03-02 00:54:46,455.44,completed
19,43,2026-03-02 02:22:42,215.4,canceled
20,22,2026-03-02 03:50:37,311.34,canceled
21,81,2026-03-02 05:18:33,32.66,completed
22,80,2026-03-02 06:46:29,985.99,canceled
23,19,2026-03-02 08:14:24,385.81,completed
24,46,2026-03-02 09:42:20,627.44,pending
25,56,2026-03-02 11:10:16,549.13,pending
26,76,2026-03-02 12:38:11,490.14,pending
27,17,2026-03-02 14:06:07,293.41,completed
28,9,2026-03-02 15:34:03,697.92,pending
29,33,2026-03-02 17:01:58,364.25,completed
30,96,2026-03-02 18:29:54,597.91,canceled
31,80,2026-03-02 19:57:50,113.96,canceled
32,98,2026-03-02 21:25:45,529.71,canceled
33,96,2026-03-02 22:53:41,48.92,pending
34,54,2026-03-03 00:21:37,822.4,pending
35,88,2026-03-03 01:49:32,490.1,completed
36,47,2026-03-03 03:17:28,599.42,canceled
37,1,2026-03-03 04:45:24,150.7,pending
38,61,2026-03-03 06:13:19,64.36,canceled
39,48,2026-03-03 07:41:15,813.0,canceled
40,21,2026-03-03 09:09:11,259.64,completed
41,49,2026-03-03 10:37:06,46.35,canceled
42,4,2026-03-03 12:05:02,147.67,completed
43,14,2026-03-03 13:32:58,626.78,completed
44,83,2026-03-03 15:00:54,632.83,canceled
45,86,2026-03-03 16:28:49,768.71,canceled
46,21,2026-03-03 17:56:45,436.46,completed
47,24,2026-03-03 19:24:41,898.38,completed
48,91,2026-03-03 20:52:36,620.05,pending
49,48,2026-03-03 22:20:32,614.96,pending
50,41,2026-03-03 23:48:28,615.31,canceled
51,94,2026-03-04 01:16:23,949.98,completed
52,52,2026-03-04 02:44:19,654.83,canceled
53,46,2026-03-04 04:12:15,890.38,canceled
54,62,2026-03-04 05:40:10,219.56,canceled
55,84,2026-03-04 07:08:06,444.09,pending
56,85,2026-03-04 08:36:02,469.85,completed
57,74,2026-03-04 10:03:57,931.72,pending
58,14,2026-03-04 11:31:53,143.33,pending
59,47,2026-03-04 12:59:49,971.58,canceled
60,54,2026-03-04 14:27:44,552.71,pending
61,9,2026-03-04 15:55:40,22.63,pending
62,72,2026-03-04 17:23:36,228.99,canceled
63,25,2026-03-04 18:51:31,812.45,canceled
64,95,2026-03-04 20:19:27,689.8,pending
65,73,2026-03-04 21:47:23,789.68,completed
66,77,2026-03-04 23:15:18,927.98,pending
67,6,2026-03-05 00:43:14,200.74,pending
68,82,2026-03-05 02:11:10,902.05,canceled
69,86,2026-03-05 03:39:05,92.65,canceled
70,12,2026-03-05 05:07:01,154.5,completed
71,3,2026-03-05 06:34:57,35.44,canceled
72,21,2026-03-05 08:02:52,182.27,completed
73,46,2026-03-05 09:30:48,568.0,pending
74,68,2026-03-05 10:58:44,990.28,completed
75,95,2026-03-05 12:26:39,737.01,canceled
76,39,2026-03-05 13:54:35,340.43,pending
77,31,2026-03-05 15:22:31,385.83,pending
78,25,2026-03-05 16:50:26,649.44,pending
79,58,2026-03-05 18:18:22,859.66,canceled
80,34,2026-03-05 19:46:18,525.5,canceled
81,94,2026-03-05 21:14:13,385.69,completed
82,42,2026-03-05 22:42:09,459.58,canceled
83,91,2026-03-06 00:10:05,867.27,pending
84,28,2026-03-06 01:38:00,957.85,completed
85,43,2026-03-06 03:05:56,86.54,pending
86,43,2026-03-06 04:33:52,960.06,canceled
87,16,2026-03-06 06:01:48,417.66,pending
88,59,2026-03-06 07:29:43,657.44,completed
89,86,2026-03-06 08:57:39,752.27,completed
90,47,2026-03-06 10:25:35,425.67,canceled
91,69,2026-03-06 11:53:30,473.77,completed
92,95,2026-03-06 13:21:26,564.1,completed
93,83,2026-03-06 14:49:22,751.29,pending
94,54,2026-03-06 16:17:17,498.12,pending
95,37,2026-03-06 17:45:13,507.47,canceled
96,18,2026-03-06 19:13:09,966.82,completed
97,34,2026-03-06 20:41:04,787.49,canceled
98,37,2026-03-06 22:09:00,166.94,canceled
99,7,2026-03-06 23:36:56,296.14,completed
100,41,2026-03-07 01:04:51,997.39,completed
101,51,2026-03-07 02:32:47,901.5,pending
102,43,2026-03-07 04:00:43,278.26,canceled
103,94,2026-03-07 05:28:38,886.73,completed
104,70,2026-03-07 06:56:34,870.26,canceled
105,91,2026-03-07 08:24:30,412.09,completed
106,84,2026-03-07 09:52:25,995.86,canceled
107,15,2026-03-07 11:20:21,677.39,completed
108,4,2026-03-07 12:48:17,636.75,completed
109,47,2026-03-07 14:16:12,702.32,canceled
110,93,2026-03-07 15:44:08,266.15,pending
111,58,2026-03-07 17:12:04,819.49,completed
112,33,2026-03-07 18:39:59,131.88,canceled
113,46,2026-03-07 20:07:55,396.2,completed
114,84,2026-03-07 21:35:51,391.37,pending
115,72,2026-03-07 23:03:46,27.84,pending
116,38,2026-03-08 00:31:42,598.06,canceled
117,76,2026-03-08 01:59:38,638.65,completed
118,44,2026-03-08 03:27:33,683.17,canceled
119,91,2026-03-08 04:55:29,830.42,canceled
120,15,2026-03-08 06:23:25,68.62,canceled
121,53,2026-03-08 07:51:20,278.58,completed
122,2,2026-03-08 09:19:16,514.29,canceled
123,58,2026-03-08 10:47:12,599.41,completed
124,62,2026-03-08 12:15:07,799.5,canceled
125,90,2026-03-08 13:43:03,632.07,pending
126,92,2026-03-08 15:10:59,385.86,pending
127,44,2026-03-08 16:38:55,980.84,canceled
128,21,2026-03-08 18:06:50,774.77,completed
129,26,2026-03-08 19:34:46,282.96,pending
130,16,2026-03-08 21:02:42,38.89,completed
131,32,2026-03-08 22:30:37,96.22,completed
132,59,2026-03-08 23:58:33,559.34,pending
133,36,2026-03-09 01:26:29,490.55,canceled
134,88,2026-03-09 02:54:24,208.86,canceled
135,8,2026-03-09 04:22:20,674.07,canceled
136,60,2026-03-09 05:50:16,177.27,completed
137,73,2026-03-09 07:18:11,728.39,pending
138,58,2026-03-09 08:46:07,58.9,canceled
139,76,2026-03-09 10:14:03,180.58,pending
140,52,2026-03-09 11:41:58,427.33,completed
141,54,2026-03-09 13:09:54,699.37,pending
142,91,2026-03-09 14:37:50,782.48,canceled
143,98,2026-03-09 16:05:45,618.85,pending
144,8,2026-03-09 17:33:41,744.53,pending
145,54,2026-03-09 19:01:37,526.46,pending
146,96,2026-03-09 20:29:32,446.63,canceled
147,13,2026-03-09 21:57:28,393.72,canceled
148,17,2026-03-09 23:25:24,472.01,canceled
149,15,2026-03-10 00:53:19,77.85,completed
150,5,2026-03-10 02:21:15,295.49,completed
151,71,2026-03-10 03:49:11,975.29,canceled
152,1,2026-03-10 05:17:06,762.82,completed
153,85,2026-03-10 06:45:02,907.72,pending
154,82,2026-03-10 08:12:58,43.54,pending
155,24,2026-03-10 09:40:53,438.8,canceled
156,43,2026-03-10 11:08:49,772.73,completed
157,11,2026-03-10 12:36:45,609.41,canceled
158,28,2026-03-10 14:04:40,994.97,completed
159,18,2026-03-10 15:32:36,867.96,pending
160,43,2026-03-10 17:00:32,387.73,completed
161,78,2026-03-10 18:28:27,148.95,completed
162,80,2026-03-10 19:56:23,577.84,completed
163,71,2026-03-10 21:24:19,858.02,completed
164,20,2026-03-10 22:52:14,170.38,canceled
165,84,2026-03-11 00:20:10,883.1,pending
166,96,2026-03-11 01:48:06,303.13,canceled
167,37,2026-03-11 03:16:01,673.97,pending
168,49,2026-03-11 04:43:57,659.09,completed
169,74,2026-03-11 06:11:53,925.53,canceled
170,27,2026-03-11 07:39:49,734.16,completed
171,70,2026-03-11 09:07:44,82.72,completed
172,71,2026-03-11 10:35:40,775.64,pending
173,87,2026-03-11 12:03:36,556.81,canceled
174,77,2026-03-11 13:31:31,999.08,completed
175,72,2026-03-11 14:59:27,685.39,pending
176,83,2026-03-11 16:27:23,202.69,canceled
177,96,2026-03-11 17:55:18,860.44,canceled
178,3,2026-03-11 19:23:14,806.94,pending
179,95,2026-03-11 20:51:10,842.55,completed
180,63,2026-03-11 22:19:05,388.68,pending
181,83,2026-03-11 23:47:01,673.35,canceled
182,79,2026-03-12 01:14:57,20.5,pending
183,87,2026-03-12 02:42:52,199.85,pending
184,17,2026-03-12 04:10:48,923.75,pending
185,77,2026-03-12 05:38:44,48.1,canceled
186,13,2026-03-12 07:06:39,448.05,pending
187,64,2026-03-12 08:34:35,116.14,canceled
188,79,2026-03-12 10:02:31,797.4,canceled
189,78,2026-03-12 11:30:26,108.36,canceled
190,56,2026-03-12 12:58:22,992.99,canceled
191,74,2026-03-12 14:26:18,498.31,completed
192,42,2026-03-12 15:54:13,809.37,completed
193,31,2026-03-12 17:22:09,179.47,canceled
194,93,2026-03-12 18:50:05,925.59,pending
195,87,2026-03-12 20:18:00,944.0,pending
196,98,2026-03-12 21:45:56,311.28,completed
197,87,2026-03-12 23:13:52,385.31,canceled
198,79,2026-03-13 00:41:47,972.19,completed
199,34,2026-03-13 02:09:43,547.55,completed
200,26,2026-03-13 03:37:39,699.02,completed
201,62,2026-03-13 05:05:34,155.4,completed
202,8,2026-03-13 06:33:30,843.95,completed
203,41,2026-03-13 08:01:26,664.87,canceled
204,83,2026-03-13 09:29:21,824.07,canceled
205,93,2026-03-13 10:57:17,989.56,completed
206,41,2026-03-13 12:25:13,453.25,completed
207,23,2026-03-13 13:53:08,339.64,pending
208,12,2026-03-13 15:21:04,164.38,canceled
209,16,2026-03-13 16:49:00,832.57,canceled
210,55,2026-03-13 18:16:56,813.02,completed
211,19,2026-03-13 19:44:51,462.46,pending
212,62,2026-03-13 21:12:47,829.21,canceled
213,54,2026-03-13 22:40:43,255.6,canceled
214,13,2026-03-14 00:08:38,594.59,completed
215,56,2026-03-14 01:36:34,958.84,canceled
216,76,2026-03-14 03:04:30,899.45,pending
217,58,2026-03-14 04:32:25,440.51,pending
218,84,2026-03-14 06:00:21,854.89,completed
219,59,2026-03-14 07:28:17,905.98,canceled
220,100,2026-03-14 08:56:12,272.23,completed
221,92,2026-03-14 10:24:08,133.22,canceled
222,31,2026-03-14 11:52:04,929.47,canceled
223,45,2026-03-14 13:19:59,835.62,canceled
224,12,2026-03-14 14:47:55,416.62,pending
225,30,2026-03-14 16:15:51,144.47,pending
226,49,2026-03-14 17:43:46,721.28,pending
227,39,2026-03-14 19:11:42,946.07,canceled
228,33,2026-03-14 20:39:38,815.83,completed
229,36,2026-03-14 22:07:33,817.01,pending
230,75,2026-03-14 23:35:29,893.02,canceled
231,41,2026-03-15 01:03:25,831.68,completed
232,76,2026-03-15 02:31:20,786.88,pending
233,90,2026-03-15 03:59:16,197.47,completed
234,84,2026-03-15 05:27:12,836.79,completed
235,78,2026-03-15 06:55:07,182.62,pending
236,98,2026-03-15 08:23:03,227.58,pending
237,75,2026-03-15 09:50:59,217.39,pending
238,3,2026-03-15 11:18:54,787.06,completed
239,68,2026-03-15 12:46:50,768.51,pending
240,69,2026-03-15 14:14:46,379.4,pending
241,37,2026-03-15 15:42:41,570.87,completed
242,60,2026-03-15 17:10:37,291.59,pending
243,16,2026-03-15 18:38:33,968.94,pending
244,79,2026-03-15 20:06:28,451.22,canceled
245,19,2026-03-15 21:34:24,520.28,canceled
246,17,2026-03-15 23:02:20,269.82,pending
247,33,2026-03-16 00:30:15,984.71,completed
248,14,2026-03-16 01:58:11,344.97,canceled
249,23,2026-03-16 03:26:07,430.86,canceled
250,39,2026-03-16 04:54:02,223.47,canceled
251,34,2026-03-16 06:21:58,160.32,pending
252,79,2026-03-16 07:49:54,372.11,canceled
253,12,2026-03-16 09:17:50,868.38,canceled
254,28,2026-03-16 10:45:45,130.2,completed
255,15,2026-03-16 12:13:41,476.42,completed
256,27,2026-03-16 13:41:37,542.96,canceled
257,89,2026-03-16 15:09:32,735.08,pending
258,84,2026-03-16 16:37:28,745.94,completed
259,78,2026-03-16 18:05:24,411.35,canceled
260,9,2026-03-16 19:33:19,345.81,completed
261,64,2026-03-16 21:01:15,934.99,pending
262,72,2026-03-16 22:29:11,784.74,pending
263,78,2026-03-16 23:57:06,327.21,pending
264,77,2026-03-17 01:25:02,94.24,completed
265,99,2026-03-17 02:52:58,408.44,pending
266,37,2026-03-17 04:20:53,225.84,completed
267,13,2026-03-17 05:48:49,556.13,completed
268,53,2026-03-17 07:16:45,273.06,completed
269,40,2026-03-17 08:44:40,75.34,completed
270,65,2026-03-17 10:12:36,388.82,canceled
271,9,2026-03-17 11:40:32,636.9,pending
272,27,2026-03-17 13:08:27,481.23,pending
273,90,2026-03-17 14:36:23,69.01,completed
274,30,2026-03-17 16:04:19,137.5,completed
275,97,2026-03-17 17:32:14,728.08,canceled
276,82,2026-03-17 19:00:10,853.35,canceled
277,71,2026-03-17 20:28:06,34.79,canceled
278,69,2026-03-17 21:56:01,909.46,canceled
279,89,2026-03-17 23:23:57,835.18,canceled
280,40,2026-03-18 00:51:53,289.05,completed
281,53,2026-03-18 02:19:48,286.97,pending
282,39,2026-03-18 03:47:44,71.2,completed
283,96,2026-03-18 05:15:40,737.78,completed
284,41,2026-03-18 06:43:35,522.51,pending
285,15,2026-03-18 08:11:31,779.52,pending
286,42,2026-03-18 09:39:27,82.08,pending
287,93,2026-03-18 11:07:22,276.45,pending
288,19,2026-03-18 12:35:18,889.65,pending
289,94,2026-03-18 14:03:14,846.66,canceled
290,59,2026-03-18 15:31:09,291.75,completed
291,52,2026-03-18 16:59:05,67.79,canceled
292,14,2026-03-18 18:27:01,778.37,canceled
293,85,2026-03-18 19:54:57,114.51,pending
294,36,2026-03-18 21:22:52,791.0,completed
295,62,2026-03-18 22:50:48,527.91,pending
296,51,2026-03-19 00:18:44,50.61,canceled
297,95,2026-03-19 01:46:39,716.41,completed
298,14,2026-03-19 03:14:35,532.95,pending
299,57,2026-03-19 04:42:31,803.09,completed
300,73,2026-03-19 06:10:26,571.43,canceled
301,2,2026-03-19 07:38:22,737.17,canceled
302,56,2026-03-19 09:06:18,233.48,canceled
303,33,2026-03-19 10:34:13,751.75,pending
304,44,2026-03-19 12:02:09,766.3,pending
305,69,2026-03-19 13:30:05,892.67,completed
306,29,2026-03-19 14:58:00,259.8,completed
307,40,2026-03-19 16:25:56,61.5,completed
308,9,2026-03-19 17:53:52,299.16,canceled
309,39,2026-03-19 19:21:47,923.49,completed
310,10,2026-03-19 20:49:43,44.88,pending
311,40,2026-03-19 22:17:39,425.82,completed
312,89,2026-03-19 23:45:34,627.34,canceled
313,91,2026-03-20 01:13:30,175.14,canceled
314,82,2026-03-20 02:41:26,451.16,pending
315,27,2026-03-20 04:09:21,477.96,completed
316,20,2026-03-20 05:37:17,386.4,completed
317,25,2026-03-20 07:05:13,153.3,pending
318,31,2026-03-20 08:33:08,817.48,completed
319,86,2026-03-20 10:01:04,205.52,pending
320,68,2026-03-20 11:29:00,829.86,completed
321,73,2026-03-20 12:56:55,453.12,completed
322,41,2026-03-20 14:24:51,174.64,canceled
323,88,2026-03-20 15:52:47,533.91,completed
324,18,2026-03-20 17:20:42,290.57,completed
325,82,2026-03-20 18:48:38,568.84,pending
326,100,2026-03-20 20:16:34,741.84,completed
327,49,2026-03-20 21:44:29,90.76,completed
328,35,2026-03-20 23:12:25,846.53,pending
329,33,2026-03-21 00:40:21,190.63,completed
330,53,2026-03-21 02:08:16,301.51,pending
331,82,2026-03-21 03:36:12,849.96,canceled
332,18,2026-03-21 05:04:08,366.38,canceled
333,64,2026-03-21 06:32:03,925.12,canceled
334,33,2026-03-21 07:59:59,938.49,completed
335,6,2026-03-21 09:27:55,87.14,completed
336,6,2026-03-21 10:55:51,812.31,pending
337,40,2026-03-21 12:23:46,309.34,canceled
338,74,2026-03-21 13:51:42,894.44,completed
339,20,2026-03-21 15:19:38,656.23,canceled
340,42,2026-03-21 16:47:33,641.44,canceled
341,78,2026-03-21 18:15:29,379.96,canceled
342,28,2026-03-21 19:43:25,16.7,canceled
343,76,2026-03-21 21:11:20,583.0,pending
344,79,2026-03-21 22:39:16,450.9,pending
345,17,2026-03-22 00:07:12,221.22,canceled
346,90,2026-03-22 01:35:07,379.7,completed
347,82,2026-03-22 03:03:03,260.89,pending
348,64,2026-03-22 04:30:59,75.57,canceled
349,33,2026-03-22 05:58:54,663.81,canceled
350,59,2026-03-22 07:26:50,438.46,pending
351,81,2026-03-22 08:54:46,870.16,completed
352,58,2026-03-22 10:22:41,922.12,pending
353,8,2026-03-22 11:50:37,126.86,canceled
354,49,2026-03-22 13:18:33,409.7,completed
355,33,2026-03-22 14:46:28,355.08,completed
356,59,2026-03-22 16:14:24,266.37,completed
357,11,2026-03-22 17:42:20,64.44,pending
358,93,2026-03-22 19:10:15,795.05,canceled
359,79,2026-03-22 20:38:11,21.15,pending
360,63,2026-03-22 22:06:07,755.76,completed
361,75,2026-03-22 23:34:02,887.42,pending
362,54,2026-03-23 01:01:58,916.83,pending
363,35,2026-03-23 02:29:54,266.29,completed
364,34,2026-03-23 03:57:49,49.91,canceled
365,11,2026-03-23 05:25:45,673.11,pending
366,100,2026-03-23 06:53:41,162.75,pending
367,83,2026-03-23 08:21:36,246.27,pending
368,49,2026-03-23 09:49:32,120.58,canceled
369,75,2026-03-23 11:17:28,407.77,canceled
370,27,2026-03-23 12:45:23,753.78,pending
371,59,2026-03-23 14:13:19,188.14,completed
372,33,2026-03-23 15:41:15,944.09,completed
373,29,2026-03-23 17:09:10,794.15,canceled
374,22,2026-03-23 18:37:06,499.44,pending
375,4,2026-03-23 20:05:02,587.78,completed
376,42,2026-03-23 21:32:58,803.91,pending
377,12,2026-03-23 23:00:53,955.65,completed
378,89,2026-03-24 00:28:49,612.38,canceled
379,65,2026-03-24 01:56:45,193.31,completed
380,49,2026-03-24 03:24:40,152.76,canceled
381,55,2026-03-24 04:52:36,294.27,pending
382,48,2026-03-24 06:20:32,657.83,completed
383,17,2026-03-24 07:48:27,32.86,completed
384,98,2026-03-24 09:16:23,74.59,completed
385,80,2026-03-24 10:44:19,595.56,completed
386,22,2026-03-24 12:12:14,364.28,completed
387,91,2026-03-24 13:40:10,532.64,pending
388,75,2026-03-24 15:08:06,790.1,completed
389,5,2026-03-24 16:36:01,45.45,canceled
390,52,2026-03-24 18:03:57,245.85,pending
391,90,2026-03-24 19:31:53,572.87,completed
392,100,2026-03-24 20:59:48,967.9,pending
393,83,2026-03-24 22:27:44,370.89,completed
394,33,2026-03-24 23:55:40,893.13,pending
395,1,2026-03-25 01:23:35,886.08,completed
396,98,2026-03-25 02:51:31,75.39,canceled
397,8,2026-03-25 04:19:27,257.26,pending
398,84,2026-03-25 05:47:22,731.64,canceled
399,53,2026-03-25 07:15:18,656.08,completed
400,91,2026-03-25 08:43:14,768.2,completed
401,98,2026-03-25 10:11:09,640.51,pending
402,63,2026-03-25 11:39:05,228.94,pending
403,13,2026-03-25 13:07:01,541.0,completed
404,68,2026-03-25 14:34:56,634.05,completed
405,24,2026-03-25 16:02:52,816.99,canceled
406,41,2026-03-25 17:30:48,679.53,completed
407,91,2026-03-25 18:58:43,675.68,canceled
408,23,2026-03-25 20:26:39,65.26,pending
409,11,2026-03-25 21:54:35,395.69,pending
410,82,2026-03-25 23:22:30,641.44,canceled
411,20,2026-03-26 00:50:26,80.76,completed
412,87,2026-03-26 02:18:22,740.91,canceled
413,19,2026-03-26 03:46:17,105.95,pending
414,22,2026-03-26 05:14:13,416.75,canceled
415,7,2026-03-26 06:42:09,353.55,pending
416,71,2026-03-26 08:10:04,669.42,canceled
417,89,2026-03-26 09:38:00,504.66,canceled
418,69,2026-03-26 11:05:56,425.17,canceled
419,69,2026-03-26 12:33:52,216.53,completed
420,70,2026-03-26 14:01:47,448.75,pending
421,40,2026-03-26 15:29:43,740.33,completed
422,8,2026-03-26 16:57:39,305.24,completed
423,73,2026-03-26 18:25:34,231.65,canceled
424,75,2026-03-26 19:53:30,549.78,pending
425,28,2026-03-26 21:21:26,565.01,completed
426,35,2026-03-26 22:49:21,849.98,completed
427,70,2026-03-27 00:17:17,877.27,pending
428,63,2026-03-27 01:45:13,146.54,completed
429,4,2026-03-27 03:13:08,25.48,canceled
430,1,2026-03-27 04:41:04,640.52,canceled
431,95,2026-03-27 06:09:00,671.95,completed
432,1,2026-03-27 07:36:55,423.65,pending
433,80,2026-03-27 09:04:51,867.5,pending
434,9,2026-03-27 10:32:47,94.66,completed
435,66,2026-03-27 12:00:42,636.86,canceled
436,79,2026-03-27 13:28:38,613.15,completed
437,88,2026-03-27 14:56:34,844.22,completed
438,70,2026-03-27 16:24:29,625.91,canceled
439,51,2026-03-27 17:52:25,997.09,canceled
440,8,2026-03-27 19:20:21,647.68,canceled
441,82,2026-03-27 20:48:16,939.78,completed
442,91,2026-03-27 22:16:12,280.53,completed
443,3,2026-03-27 23:44:08,136.42,canceled
444,19,2026-03-28 01:12:03,643.24,canceled
445,35,2026-03-28 02:39:59,524.7,canceled
446,56,2026-03-28 04:07:55,319.59,completed
447,11,2026-03-28 05:35:50,583.56,pending
448,22,2026-03-28 07:03:46,389.09,pending
449,31,2026-03-28 08:31:42,431.48,pending
450,81,2026-03-28 09:59:37,601.08,pending
451,65,2026-03-28 11:27:33,503.6,canceled
452,58,2026-03-28 12:55:29,611.85,completed
453,30,2026-03-28 14:23:24,109.42,pending
454,51,2026-03-28 15:51:20,364.79,pending
455,83,2026-03-28 17:19:16,300.64,completed
456,4,2026-03-28 18:47:11,259.79,pending
457,13,2026-03-28 20:15:07,960.13,completed
458,92,2026-03-28 21:43:03,319.34,completed
459,8,2026-03-28 23:10:59,720.42,completed
460,13,2026-03-29 00:38:54,987.03,canceled
461,20,2026-03-29 02:06:50,591.65,canceled
462,64,2026-03-29 03:34:46,293.46,canceled
463,66,2026-03-29 05:02:41,659.38,pending
464,20,2026-03-29 06:30:37,826.85,completed
465,60,2026-03-29 07:58:33,25.72,pending
466,67,2026-03-29 09:26:28,20.1,canceled
467,2,2026-03-29 10:54:24,498.86,canceled
468,39,2026-03-29 12:22:20,312.78,pending
469,77,2026-03-29 13:50:15,21.2,completed
470,21,2026-03-29 15:18:11,551.88,completed
471,33,2026-03-29 16:46:07,464.44,pending
472,33,2026-03-29 18:14:02,576.57,canceled
473,93,2026-03-29 19:41:58,165.96,canceled
474,99,2026-03-29 21:09:54,115.38,canceled
475,2,2026-03-29 22:37:49,280.88,pending
476,13,2026-03-30 00:05:45,292.28,completed
477,57,2026-03-30 01:33:41,778.07,canceled
478,76,2026-03-30 03:01:36,235.44,canceled
479,35,2026-03-30 04:29:32,36.49,pending
480,68,2026-03-30 05:57:28,412.62,pending
481,85,2026-03-30 07:25:23,730.97,canceled
482,17,2026-03-30 08:53:19,458.58,completed
483,30,2026-03-30 10:21:15,147.07,canceled
484,93,2026-03-30 11:49:10,821.64,canceled
485,42,2026-03-30 13:17:06,698.4,canceled
486,70,2026-03-30 14:45:02,753.9,canceled
487,29,2026-03-30 16:12:57,397.56,completed
488,31,2026-03-30 17:40:53,633.2,completed
489,83,2026-03-30 19:08:49,372.36,pending
490,58,2026-03-30 20:36:44,290.11,completed
491,22,2026-03-30 22:04:40,619.87,pending
492,10,2026-03-30 23:32:36,373.51,pending
493,5,2026-03-31 01:00:31,783.64,completed
494,68,2026-03-31 02:28:27,576.04,completed
495,37,2026-03-31 03:56:23,574.01,canceled
496,23,2026-03-31 05:24:18,852.26,completed
497,7,2026-03-31 06:52:14,977.53,canceled
498,36,2026-03-31 08:20:10,85.74,completed
499,12,2026-03-31 09:48:05,564.6,completed
500,80,2026-03-31 11:16:01,853.61,pending
501,80,2026-03-31 12:43:57,851.2,pending
502,44,2026-03-31 14:11:53,826.64,completed
503,66,2026-03-31 15:39:48,309.34,canceled
504,40,2026-03-31 17:07:44,225.01,completed
505,33,2026-03-31 18:35:40,224.83,pending
506,10,2026-03-31 20:03:35,549.9,completed
507,5,2026-03-31 21:31:31,141.67,pending
508,48,2026-03-31 22:59:27,446.55,pending
509,19,2026-04-01 00:27:22,120.69,completed
510,13,2026-04-01 01:55:18,515.78,pending
511,100,2026-04-01 03:23:14,901.38,completed
512,99,2026-04-01 04:51:09,437.82,pending
513,47,2026-04-01 06:19:05,863.55,pending
514,1,2026-04-01 07:47:01,601.86,canceled
515,61,2026-04-01 09:14:56,223.96,canceled
516,85,2026-04-01 10:42:52,994.32,completed
517,94,2026-04-01 12:10:48,931.17,completed
518,98,2026-04-01 13:38:43,894.2,pending
519,24,2026-04-01 15:06:39,163.31,canceled
520,64,2026-04-01 16:34:35,507.61,completed
521,73,2026-04-01 18:02:30,25.57,canceled
522,73,2026-04-01 19:30:26,373.18,pending
523,60,2026-04-01 20:58:22,647.4,pending
524,15,2026-04-01 22:26:17,406.45,completed
525,98,2026-04-01 23:54:13,581.79,pending
526,53,2026-04-02 01:22:09,978.75,completed
527,100,2026-04-02 02:50:04,806.47,completed
528,40,2026-04-02 04:18:00,597.29,pending
529,6,2026-04-02 05:45:56,915.23,pending
530,28,2026-04-02 07:13:51,724.52,pending
531,9,2026-04-02 08:41:47,886.5,pending
532,44,2026-04-02 10:09:43,709.61,canceled
533,89,2026-04-02 11:37:38,188.6,completed
534,54,2026-04-02 13:05:34,477.08,canceled
535,98,2026-04-02 14:33:30,606.36,completed
536,14,2026-04-02 16:01:25,686.96,canceled
537,21,2026-04-02 17:29:21,777.59,pending
538,100,2026-04-02 18:57:17,227.87,canceled
539,75,2026-04-02 20:25:12,199.09,pending
540,33,2026-04-02 21:53:08,24.42,pending
541,50,2026-04-02 23:21:04,147.73,canceled
542,52,2026-04-03 00:48:59,322.94,completed
543,53,2026-04-03 02:16:55,106.48,canceled
544,62,2026-04-03 03:44:51,742.51,pending
545,28,2026-04-03 05:12:47,222.61,completed
546,8,2026-04-03 06:40:42,874.51,completed
547,10,2026-04-03 08:08:38,798.57,completed
548,68,2026-04-03 09:36:34,475.06,pending
549,16,2026-04-03 11:04:29,746.62,completed
550,85,2026-04-03 12:32:25,555.28,completed
551,72,2026-04-03 14:00:21,54.24,canceled
552,24,2026-04-03 15:28:16,840.79,canceled
553,12,2026-04-03 16:56:12,871.22,pending
554,95,2026-04-03 18:24:08,64.93,pending
555,24,2026-04-03 19:52:03,205.53,pending
556,80,2026-04-03 21:19:59,911.1,completed
557,11,2026-04-03 22:47:55,828.29,completed
558,91,2026-04-04 00:15:50,697.72,completed
559,37,2026-04-04 01:43:46,769.86,canceled
560,79,2026-04-04 03:11:42,785.17,canceled
561,3,2026-04-04 04:39:37,928.0,completed
562,14,2026-04-04 06:07:33,651.36,completed
563,75,2026-04-04 07:35:29,476.82,completed
564,84,2026-04-04 09:03:24,338.83,canceled
565,7,2026-04-04 10:31:20,389.0,canceled
566,84,2026-04-04 11:59:16,880.07,pending
567,29,2026-04-04 13:27:11,951.45,pending
568,84,2026-04-04 14:55:07,711.89,pending
569,66,2026-04-04 16:23:03,983.59,completed
570,5,2026-04-04 17:50:58,669.45,pending
571,54,2026-04-04 19:18:54,966.42,pending
572,25,2026-04-04 20:46:50,293.71,canceled
573,58,2026-04-04 22:14:45,553.28,completed
574,88,2026-04-04 23:42:41,94.94,pending
575,4,2026-04-05 01:10:37,485.81,canceled
576,29,2026-04-05 02:38:32,142.74,completed
577,66,2026-04-05 04:06:28,184.36,completed
578,44,2026-04-05 05:34:24,600.42,completed
579,83,2026-04-05 07:02:19,712.16,canceled
580,96,2026-04-05 08:30:15,763.9,completed
581,42,2026-04-05 09:58:11,521.23,canceled
582,24,2026-04-05 11:26:06,531.86,completed
583,34,2026-04-05 12:54:02,692.43,completed
584,95,2026-04-05 14:21:58,393.49,canceled
585,26,2026-04-05 15:49:54,671.46,completed
586,42,2026-04-05 17:17:49,161.46,canceled
587,91,2026-04-05 18:45:45,850.18,completed
588,13,2026-04-05 20:13:41,792.5,canceled
589,76,2026-04-05 21:41:36,808.96,pending
590,58,2026-04-05 23:09:32,974.36,pending
591,51,2026-04-06 00:37:28,802.14,canceled
592,16,2026-04-06 02:05:23,523.89,pending
593,50,2026-04-06 03:33:19,770.91,canceled
594,12,2026-04-06 05:01:15,317.51,completed
595,79,2026-04-06 06:29:10,869.77,canceled
596,70,2026-04-06 07:57:06,127.8,canceled
597,8,2026-04-06 09:25:02,574.1,canceled
598,100,2026-04-06 10:52:57,170.31,pending
599,22,2026-04-06 12:20:53,595.55,pending
600,31,2026-04-06 13:48:49,379.44,canceled
601,33,2026-04-06 15:16:44,625.48,canceled
602,100,2026-04-06 16:44:40,721.92,completed
603,39,2026-04-06 18:12:36,801.8,pending
604,42,2026-04-06 19:40:31,186.31,completed
605,43,2026-04-06 21:08:27,106.44,completed
606,15,2026-04-06 22:36:23,478.07,pending
607,69,2026-04-07 00:04:18,238.15,completed
608,66,2026-04-07 01:32:14,316.1,canceled
609,77,2026-04-07 03:00:10,235.0,pending
610,35,2026-04-07 04:28:05,56.88,canceled
611,96,2026-04-07 05:56:01,748.98,completed
612,27,2026-04-07 07:23:57,375.67,canceled
613,5,2026-04-07 08:51:52,655.35,pending
614,66,2026-04-07 10:19:48,717.29,completed
615,6,2026-04-07 11:47:44,162.94,canceled
616,81,2026-04-07 13:15:39,74.89,completed
617,73,2026-04-07 14:43:35,493.81,completed
618,39,2026-04-07 16:11:31,705.48,canceled
619,71,2026-04-07 17:39:26,215.85,pending
620,76,2026-04-07 19:07:22,492.6,completed
621,3,2026-04-07 20:35:18,108.41,completed
622,84,2026-04-07 22:03:13,530.78,canceled
623,94,2026-04-07 23:31:09,259.2,pending
624,24,2026-04-08 00:59:05,501.98,completed
625,87,2026-04-08 02:27:00,232.17,completed
626,71,2026-04-08 03:54:56,269.08,completed
627,33,2026-04-08 05:22:52,835.16,pending
628,70,2026-04-08 06:50:48,744.46,completed
629,50,2026-04-08 08:18:43,648.15,completed
630,42,2026-04-08 09:46:39,973.61,canceled
631,68,2026-04-08 11:14:35,76.25,pending
632,10,2026-04-08 12:42:30,337.38,completed
633,23,2026-04-08 14:10:26,508.95,canceled
634,62,2026-04-08 15:38:22,600.93,canceled
635,31,2026-04-08 17:06:17,482.29,pending
636,23,2026-04-08 18:34:13,407.07,canceled
637,21,2026-04-08 20:02:09,406.04,pending
638,71,2026-04-08 21:30:04,888.11,canceled
639,62,2026-04-08 22:58:00,943.25,canceled
640,48,2026-04-09 00:25:56,72.25,pending
641,25,2026-04-09 01:53:51,194.06,canceled
642,2,2026-04-09 03:21:47,203.26,completed
643,75,2026-04-09 04:49:43,577.42,completed
644,44,2026-04-09 06:17:38,709.4,completed
645,36,2026-04-09 07:45:34,188.54,pending
646,25,2026-04-09 09:13:30,190.41,completed
647,44,2026-04-09 10:41:25,491.95,canceled
648,61,2026-04-09 12:09:21,197.13,canceled
649,85,2026-04-09 13:37:17,994.88,pending
650,80,2026-04-09 15:05:12,643.4,completed
651,70,2026-04-09 16:33:08,213.92,completed
652,32,2026-04-09 18:01:04,257.04,pending
653,48,2026-04-09 19:28:59,294.04,pending
654,18,2026-04-09 20:56:55,119.69,completed
655,15,2026-04-09 22:24:51,941.08,canceled
656,13,2026-04-09 23:52:46,736.34,pending
657,63,2026-04-10 01:20:42,588.31,canceled
658,46,2026-04-10 02:48:38,72.44,canceled
659,89,2026-04-10 04:16:33,97.51,pending
660,54,2026-04-10 05:44:29,405.36,pending
661,10,2026-04-10 07:12:25,229.83,canceled
662,95,2026-04-10 08:40:20,12.78,completed
663,13,2026-04-10 10:08:16,750.36,canceled
664,57,2026-04-10 11:36:12,580.77,pending
665,10,2026-04-10 13:04:07,575.29,canceled
666,19,2026-04-10 14:32:03,126.37,completed
667,64,2026-04-10 15:59:59,10.29,canceled
668,45,2026-04-10 17:27:55,628.66,completed
669,69,2026-04-10 18:55:50,824.68,canceled
670,8,2026-04-10 20:23:46,599.07,canceled
671,64,2026-04-10 21:51:42,251.88,completed
672,96,2026-04-10 23:19:37,767.32,canceled
673,73,2026-04-11 00:47:33,986.75,pending
674,29,2026-04-11 02:15:29,635.59,pending
675,52,2026-04-11 03:43:24,87.7,canceled
676,51,2026-04-11 05:11:20,656.57,canceled
677,40,2026-04-11 06:39:16,896.44,canceled
678,67,2026-04-11 08:07:11,406.88,pending
679,55,2026-04-11 09:35:07,865.89,pending
680,61,2026-04-11 11:03:03,346.69,pending
681,69,2026-04-11 12:30:58,224.09,canceled
682,81,2026-04-11 13:58:54,310.17,canceled
683,52,2026-04-11 15:26:50,998.29,canceled
684,47,2026-04-11 16:54:45,315.55,pending
685,48,2026-04-11 18:22:41,75.66,pending
686,48,2026-04-11 19:50:37,719.06,pending
687,90,2026-04-11 21:18:32,860.62,pending
688,42,2026-04-11 22:46:28,971.4,canceled
689,17,2026-04-12 00:14:24,417.32,pending
690,4,2026-04-12 01:42:19,450.74,canceled
691,49,2026-04-12 03:10:15,331.05,completed
692,62,2026-04-12 04:38:11,153.06,canceled
693,23,2026-04-12 06:06:06,18.75,pending
694,67,2026-04-12 07:34:02,589.11,pending
695,70,2026-04-12 09:01:58,752.43,canceled
696,87,2026-04-12 10:29:53,908.93,canceled
697,57,2026-04-12 11:57:49,103.46,completed
698,6,2026-04-12 13:25:45,599.33,completed
699,93,2026-04-12 14:53:40,901.92,canceled
700,4,2026-04-12 16:21:36,68.07,canceled
701,23,2026-04-12 17:49:32,386.05,canceled
702,2,2026-04-12 19:17:27,635.61,canceled
703,34,2026-04-12 20:45:23,28.99,pending
704,56,2026-04-12 22:13:19,439.69,pending
705,43,2026-04-12 23:41:14,72.06,canceled
706,9,2026-04-13 01:09:10,960.65,pending
707,64,2026-04-13 02:37:06,201.77,completed
708,53,2026-04-13 04:05:01,810.56,pending
709,61,2026-04-13 05:32:57,745.24,pending
710,29,2026-04-13 07:00:53,992.74,canceled
711,52,2026-04-13 08:28:49,89.18,completed
712,100,2026-04-13 09:56:44,802.0,pending
713,4,2026-04-13 11:24:40,441.64,canceled
714,22,2026-04-13 12:52:36,953.15,pending
715,25,2026-04-13 14:20:31,413.94,canceled
716,33,2026-04-13 15:48:27,555.28,canceled
717,57,2026-04-13 17:16:23,503.03,canceled
718,22,2026-04-13 18:44:18,653.13,canceled
719,93,2026-04-13 20:12:14,612.93,canceled
720,76,2026-04-13 21:40:10,760.01,completed
721,1,2026-04-13 23:08:05,138.69,pending
722,93,2026-04-14 00:36:01,56.96,completed
723,85,2026-04-14 02:03:57,44.32,pending
724,9,2026-04-14 03:31:52,553.36,pending
725,34,2026-04-14 04:59:48,34.57,canceled
726,97,2026-04-14 06:27:44,890.76,canceled
727,71,2026-04-14 07:55:39,529.63,pending
728,76,2026-04-14 09:23:35,493.23,completed
729,82,2026-04-14 10:51:31,381.55,completed
730,89,2026-04-14 12:19:26,968.72,pending
731,48,2026-04-14 13:47:22,997.06,completed
732,80,2026-04-14 15:15:18,299.1,canceled
733,16,2026-04-14 16:43:13,967.67,pending
734,96,2026-04-14 18:11:09,991.57,canceled
735,12,2026-04-14 19:39:05,30.91,canceled
736,6,2026-04-14 21:07:00,531.47,pending
737,42,2026-04-14 22:34:56,811.7,completed
738,13,2026-04-15 00:02:52,992.91,pending
739,92,2026-04-15 01:30:47,853.61,canceled
740,29,2026-04-15 02:58:43,545.67,pending
741,84,2026-04-15 04:26:39,991.71,pending
742,30,2026-04-15 05:54:34,112.98,canceled
743,72,2026-04-15 07:22:30,96.44,canceled
744,43,2026-04-15 08:50:26,610.85,completed
745,31,2026-04-15 10:18:21,736.01,canceled
746,68,2026-04-15 11:46:17,865.4,canceled
747,48,2026-04-15 13:14:13,495.58,completed
748,18,2026-04-15 14:42:08,614.29,completed
749,3,2026-04-15 16:10:04,508.03,canceled
750,36,2026-04-15 17:38:00,482.23,completed
751,84,2026-04-15 19:05:56,170.93,pending
752,34,2026-04-15 20:33:51,567.15,canceled
753,43,2026-04-15 22:01:47,839.94,completed
754,47,2026-04-15 23:29:43,656.47,completed
755,61,2026-04-16 00:57:38,61.36,pending
756,53,2026-04-16 02:25:34,959.33,completed
757,3,2026-04-16 03:53:30,887.45,canceled
758,19,2026-04-16 05:21:25,665.15,pending
759,15,2026-04-16 06:49:21,601.69,pending
760,38,2026-04-16 08:17:17,726.17,pending
761,67,2026-04-16 09:45:12,323.13,completed
762,63,2026-04-16 11:13:08,980.81,completed
763,12,2026-04-16 12:41:04,364.78,completed
764,86,2026-04-16 14:08:59,99.64,completed
765,23,2026-04-16 15:36:55,692.58,canceled
766,89,2026-04-16 17:04:51,692.71,canceled
767,80,2026-04-16 18:32:46,913.4,pending
768,30,2026-04-16 20:00:42,349.7,pending
769,97,2026-04-16 21:28:38,841.72,canceled
770,76,2026-04-16 22:56:33,71.49,canceled
771,26,2026-04-17 00:24:29,250.11,canceled
772,5,2026-04-17 01:52:25,645.55,completed
773,16,2026-04-17 03:20:20,137.13,canceled
774,58,2026-04-17 04:48:16,72.58,canceled
775,98,2026-04-17 06:16:12,371.25,pending
776,65,2026-04-17 07:44:07,485.26,canceled
777,42,2026-04-17 09:12:03,31.52,completed
778,73,2026-04-17 10:39:59,235.0,pending
779,3,2026-04-17 12:07:54,474.69,canceled
780,42,2026-04-17 13:35:50,450.1,pending
781,50,2026-04-17 15:03:46,939.36,completed
782,64,2026-04-17 16:31:41,319.91,completed
783,89,2026-04-17 17:59:37,611.6,pending
784,61,2026-04-17 19:27:33,482.75,pending
785,28,2026-04-17 20:55:28,247.84,pending
786,78,2026-04-17 22:23:24,629.98,completed
787,61,2026-04-17 23:51:20,20.95,canceled
788,5,2026-04-18 01:19:15,824.24,canceled
789,42,2026-04-18 02:47:11,802.31,canceled
790,43,2026-04-18 04:15:07,730.96,canceled
791,73,2026-04-18 05:43:02,617.28,canceled
792,34,2026-04-18 07:10:58,530.43,completed
793,18,2026-04-18 08:38:54,96.76,completed
794,43,2026-04-18 10:06:50,629.69,canceled
795,66,2026-04-18 11:34:45,440.79,completed
796,24,2026-04-18 13:02:41,248.33,pending
797,73,2026-04-18 14:30:37,418.73,canceled
798,86,2026-04-18 15:58:32,908.63,completed
799,34,2026-04-18 17:26:28,242.71,completed
800,65,2026-04-18 18:54:24,717.37,pending
801,73,2026-04-18 20:22:19,506.25,canceled
802,83,2026-04-18 21:50:15,26.3,canceled
803,22,2026-04-18 23:18:11,274.48,completed
804,45,2026-04-19 00:46:06,692.44,canceled
805,88,2026-04-19 02:14:02,346.91,completed
806,39,2026-04-19 03:41:58,536.21,canceled
807,68,2026-04-19 05:09:53,608.75,canceled
808,29,2026-04-19 06:37:49,411.56,completed
809,39,2026-04-19 08:05:45,495.58,canceled
810,39,2026-04-19 09:33:40,445.8,canceled
811,100,2026-04-19 11:01:36,98.57,canceled
812,51,2026-04-19 12:29:32,367.36,canceled
813,19,2026-04-19 13:57:27,215.86,completed
814,46,2026-04-19 15:25:23,29.97,completed
815,84,2026-04-19 16:53:19,765.22,completed
816,36,2026-04-19 18:21:14,969.77,canceled
817,46,2026-04-19 19:49:10,194.77,completed
818,1,2026-04-19 21:17:06,486.75,completed
819,74,2026-04-19 22:45:01,613.62,canceled
820,61,2026-04-20 00:12:57,41.63,canceled
821,84,2026-04-20 01:40:53,126.34,pending
822,48,2026-04-20 03:08:48,641.52,completed
823,71,2026-04-20 04:36:44,333.29,completed
824,69,2026-04-20 06:04:40,848.13,completed
825,52,2026-04-20 07:32:35,867.37,canceled
826,57,2026-04-20 09:00:31,910.12,completed
827,73,2026-04-20 10:28:27,886.73,completed
828,26,2026-04-20 11:56:22,80.19,pending
829,55,2026-04-20 13:24:18,454.52,completed
830,16,2026-04-20 14:52:14,794.86,pending
831,21,2026-04-20 16:20:09,997.74,pending
832,81,2026-04-20 17:48:05,246.74,canceled
833,29,2026-04-20 19:16:01,259.4,pending
834,73,2026-04-20 20:43:57,689.77,canceled
835,78,2026-04-20 22:11:52,470.1,pending
836,9,2026-04-20 23:39:48,320.07,canceled
837,35,2026-04-21 01:07:44,448.61,pending
838,80,2026-04-21 02:35:39,745.28,completed
839,91,2026-04-21 04:03:35,387.69,completed
840,43,2026-04-21 05:31:31,388.89,pending
841,24,2026-04-21 06:59:26,771.0,pending
842,37,2026-04-21 08:27:22,583.27,completed
843,55,2026-04-21 09:55:18,636.16,canceled
844,67,2026-04-21 11:23:13,11.51,canceled
845,19,2026-04-21 12:51:09,65.46,canceled
846,66,2026-04-21 14:19:05,632.03,pending
847,23,2026-04-21 15:47:00,436.77,completed
848,52,2026-04-21 17:14:56,88.63,canceled
849,77,2026-04-21 18:42:52,334.77,canceled
850,60,2026-04-21 20:10:47,796.42,completed
851,13,2026-04-21 21:38:43,524.83,completed
852,15,2026-04-21 23:06:39,972.25,pending
853,4,2026-04-22 00:34:34,167.9,canceled
854,9,2026-04-22 02:02:30,264.02,completed
855,77,2026-04-22 03:30:26,830.26,completed
856,8,2026-04-22 04:58:21,23.31,completed
857,35,2026-04-22 06:26:17,241.71,completed
858,39,2026-04-22 07:54:13,921.83,completed
859,76,2026-04-22 09:22:08,402.49,pending
860,71,2026-04-22 10:50:04,830.74,completed
861,82,2026-04-22 12:18:00,933.97,canceled
862,92,2026-04-22 13:45:55,657.22,pending
863,99,2026-04-22 15:13:51,880.66,canceled
864,81,2026-04-22 16:41:47,950.78,completed
865,96,2026-04-22 18:09:42,853.15,pending
866,29,2026-04-22 19:37:38,353.61,pending
867,10,2026-04-22 21:05:34,637.47,canceled
868,67,2026-04-22 22:33:29,705.78,completed
869,47,2026-04-23 00:01:25,345.85,canceled
870,96,2026-04-23 01:29:21,688.61,pending
871,54,2026-04-23 02:57:16,268.04,pending
872,10,2026-04-23 04:25:12,700.94,canceled
873,61,2026-04-23 05:53:08,667.32,canceled
874,47,2026-04-23 07:21:03,382.3,pending
875,47,2026-04-23 08:48:59,590.75,canceled
876,51,2026-04-23 10:16:55,694.26,canceled
877,57,2026-04-23 11:44:51,75.01,pending
878,2,2026-04-23 13:12:46,886.53,canceled
879,42,2026-04-23 14:40:42,717.95,completed
880,17,2026-04-23 16:08:38,429.17,canceled
881,63,2026-04-23 17:36:33,283.04,canceled
882,8,2026-04-23 19:04:29,120.85,canceled
883,68,2026-04-23 20:32:25,11.46,pending
884,10,2026-04-23 22:00:20,936.85,completed
885,16,2026-04-23 23:28:16,884.02,canceled
886,80,2026-04-24 00:56:12,705.75,canceled
887,76,2026-04-24 02:24:07,912.56,canceled
888,48,2026-04-24 03:52:03,617.36,pending
889,18,2026-04-24 05:19:59,35.37,pending
890,71,2026-04-24 06:47:54,714.45,canceled
891,71,2026-04-24 08:15:50,237.34,canceled
892,97,2026-04-24 09:43:46,209.65,pending
893,94,2026-04-24 11:11:41,82.76,completed
894,38,2026-04-24 12:39:37,809.44,canceled
895,1,2026-04-24 14:07:33,525.75,canceled
896,39,2026-04-24 15:35:28,507.94,pending
897,85,2026-04-24 17:03:24,510.18,canceled
898,68,2026-04-24 18:31:20,786.18,pending
899,9,2026-04-24 19:59:15,506.29,canceled
900,58,2026-04-24 21:27:11,166.5,canceled
901,54,2026-04-24 22:55:07,408.08,completed
902,86,2026-04-25 00:23:02,753.73,canceled
903,47,2026-04-25 01:50:58,598.05,pending
904,81,2026-04-25 03:18:54,548.53,pending
905,76,2026-04-25 04:46:49,706.77,canceled
906,2,2026-04-25 06:14:45,163.02,pending
907,91,2026-04-25 07:42:41,336.16,canceled
908,35,2026-04-25 09:10:36,371.64,pending
909,40,2026-04-25 10:38:32,75.96,canceled
910,32,2026-04-25 12:06:28,234.52,canceled
911,66,2026-04-25 13:34:23,598.77,pending
912,9,2026-04-25 15:02:19,90.71,completed
913,34,2026-04-25 16:30:15,993.25,pending
914,13,2026-04-25 17:58:10,380.13,canceled
915,92,2026-04-25 19:26:06,299.95,pending
916,59,2026-04-25 20:54:02,789.67,canceled
917,12,2026-04-25 22:21:58,440.8,completed
918,61,2026-04-25 23:49:53,705.17,canceled
919,76,2026-04-26 01:17:49,763.12,completed
920,30,2026-04-26 02:45:45,364.82,pending
921,95,2026-04-26 04:13:40,303.1,canceled
922,63,2026-04-26 05:41:36,879.65,pending
923,24,2026-04-26 07:09:32,370.87,completed
924,16,2026-04-26 08:37:27,489.97,canceled
925,77,2026-04-26 10:05:23,223.26,completed
926,30,2026-04-26 11:33:19,441.22,canceled
927,71,2026-04-26 13:01:14,70.01,pending
928,70,2026-04-26 14:29:10,43.15,pending
929,73,2026-04-26 15:57:06,926.32,completed
930,58,2026-04-26 17:25:01,92.73,completed
931,45,2026-04-26 18:52:57,467.49,pending
932,56,2026-04-26 20:20:53,862.88,pending
933,29,2026-04-26 21:48:48,547.18,pending
934,13,2026-04-26 23:16:44,310.1,pending
935,69,2026-04-27 00:44:40,74.22,completed
936,49,2026-04-27 02:12:35,585.97,pending
937,10,2026-04-27 03:40:31,813.61,pending
938,37,2026-04-27 05:08:27,388.11,canceled
939,35,2026-04-27 06:36:22,566.36,pending
940,48,2026-04-27 08:04:18,809.69,completed
941,70,2026-04-27 09:32:14,614.23,canceled
942,57,2026-04-27 11:00:09,500.39,completed
943,86,2026-04-27 12:28:05,402.4,canceled
944,85,2026-04-27 13:56:01,266.1,canceled
945,3,2026-04-27 15:23:56,540.8,canceled
946,14,2026-04-27 16:51:52,144.7,completed
947,19,2026-04-27 18:19:48,626.86,completed
948,43,2026-04-27 19:47:43,384.33,canceled
949,41,2026-04-27 21:15:39,65.42,completed
950,32,2026-04-27 22:43:35,642.37,pending
951,65,2026-04-28 00:11:30,813.6,canceled
952,34,2026-04-28 01:39:26,370.07,completed
953,18,2026-04-28 03:07:22,400.74,completed
954,86,2026-04-28 04:35:17,335.68,completed
955,2,2026-04-28 06:03:13,29.4,completed
956,54,2026-04-28 07:31:09,611.6,pending
957,58,2026-04-28 08:59:04,286.32,canceled
958,65,2026-04-28 10:27:00,852.34,completed
959,13,2026-04-28 11:54:56,325.46,completed
960,97,2026-04-28 13:22:52,559.43,completed
961,33,2026-04-28 14:50:47,280.03,completed
962,42,2026-04-28 16:18:43,214.42,completed
963,4,2026-04-28 17:46:39,858.8,completed
964,74,2026-04-28 19:14:34,750.26,completed
965,20,2026-04-28 20:42:30,942.86,canceled
966,32,2026-04-28 22:10:26,892.55,completed
967,46,2026-04-28 23:38:21,664.48,canceled
968,44,2026-04-29 01:06:17,556.96,completed
969,23,2026-04-29 02:34:13,442.84,canceled
970,7,2026-04-29 04:02:08,46.41,completed
971,10,2026-04-29 05:30:04,41.32,pending
972,75,2026-04-29 06:58:00,444.54,pending
973,71,2026-04-29 08:25:55,244.07,canceled
974,79,2026-04-29 09:53:51,30.85,completed
975,98,2026-04-29 11:21:47,657.94,canceled
976,85,2026-04-29 12:49:42,940.65,completed
977,16,2026-04-29 14:17:38,823.9,completed
978,30,2026-04-29 15:45:34,112.46,canceled
979,85,2026-04-29 17:13:29,534.95,completed
980,70,2026-04-29 18:41:25,589.11,completed
981,90,2026-04-29 20:09:21,218.48,pending
982,52,2026-04-29 21:37:16,523.26,pending
983,62,2026-04-29 23:05:12,868.04,pending
984,72,2026-04-30 00:33:08,567.15,pending
985,72,2026-04-30 02:01:03,35.68,canceled
986,65,2026-04-30 03:28:59,938.6,pending
987,30,2026-04-30 04:56:55,893.18,canceled
988,2,2026-04-30 06:24:50,809.51,completed
989,86,2026-04-30 07:52:46,423.25,completed
990,18,2026-04-30 09:20:42,447.9,pending
991,24,2026-04-30 10:48:37,850.08,pending
992,51,2026-04-30 12:16:33,339.49,pending
993,85,2026-04-30 13:44:29,579.51,canceled
994,29,2026-04-30 15:12:24,987.55,pending
995,26,2026-04-30 16:40:20,96.09,completed
996,56,2026-04-30 18:08:16,416.65,completed
997,95,2026-04-30 19:36:11,460.71,completed
998,21,2026-04-30 21:04:07,512.33,canceled
999,24,2026-04-30 22:32:03,245.09,completed
1000,88,2026-04-30 23:59:59,219.9,completed
